{
  "test_accuracy": 0.8543417366946778,
  "test_macro_f1": 0.8463645673323094,
  "confusion_matrix": [
    [
      117,
      3,
      5
    ],
    [
      5,
      70,
      32
    ],
    [
      1,
      6,
      118
    ]
  ],
  "classification_report": {
    "angry": {
      "precision": 0.9512195121951219,
      "recall": 0.936,
      "f1-score": 0.9435483870967742,
      "support": 125.0
    },
    "neutral": {
      "precision": 0.8860759493670886,
      "recall": 0.6542056074766355,
      "f1-score": 0.7526881720430108,
      "support": 107.0
    },
    "sad": {
      "precision": 0.7612903225806451,
      "recall": 0.944,
      "f1-score": 0.8428571428571429,
      "support": 125.0
    },
    "accuracy": 0.8543417366946778,
    "macro avg": {
      "precision": 0.8661952613809518,
      "recall": 0.8447352024922118,
      "f1-score": 0.8463645673323094,
      "support": 357.0
    },
    "weighted avg": {
      "precision": 0.8651928737513986,
      "recall": 0.8543417366946778,
      "f1-score": 0.8510877469267278,
      "support": 357.0
    }
  },
  "notes": {
    "split": "speaker-independent test set",
    "features": "wav2vec2-base mean pooled embeddings",
    "classifier": "logistic regression"
  }
}